<?xml version="1.0" encoding="utf-8"?>
<extension type="module" version="3.8" client="administrator" method="upgrade">
    <name>MOD_VITALITY</name>
    <creationDate>03/04/2021</creationDate>
    <author>Alexandre ELISÉ</author>
    <authorEmail>contact@alexandre-elise.fr</authorEmail>
    <authorUrl>https://coderparlerpartager.fr</authorUrl>
    <copyright>Copyright (c) 2009 - 2021 Alexandre ELISÉ. All rights reserved.</copyright>
    <license>GNU General Public License version 2 or later; see LICENSE.txt</license>
    <version>0.1.0</version>
    <description>MOD_VITALITY_XML_DESCRIPTION</description>

    <files>
        <filename module="mod_vitality">mod_vitality.php</filename>
        <folder>tmpl</folder>
        <folder>language</folder>
        <filename>helper.php</filename>
        <filename>mod_vitality.xml</filename>
        <filename>LICENSE.txt</filename>
    </files>

    <config>
        <fields name="params">
            <fieldset name="basic">
                <field
                        name="domain"
                        type="url"
                        label="MOD_VITALITY_URL_LABEL"
                        description="MOD_VITALITY_URL_DESCRIPTION"
                        hint="https://www.example.com"
                        filter="url"
                        validate="url"
                        required="true"
                />
                <field name="api_key"
                       type="text"
                       label="MOD_VITALITY_API_KEY_LABEL"
                       description="MOD_VITALITY_API_KEY_DESCRIPTION"
                       filter="JComponentHelper::filterText"
                />
            </fieldset>
            <fieldset
                    name="advanced">
                <field
                        name="moduleclass_sfx"
                        type="text"
                        label="COM_MODULES_FIELD_MODULECLASS_SFX_LABEL"
                        description="COM_MODULES_FIELD_MODULECLASS_SFX_DESC"/>
            </fieldset>
        </fields>
    </config>
</extension>
